Horario,Quantidade_Acidentes
18:15:00.000000,19
17:39:00.000000,19
